product_id,product_category_name,product_name_lenght,product_description_lenght,product_photos_qty,product_weight_g,product_length_cm,product_height_cm,product_width_cm
prod_00000000,construcao_ferramentas_construcao,51,1430,4,681,67,7,55
prod_00000001,moveis_decoracao,70,2220,2,4473,70,50,54
prod_00000002,papelaria,77,786,2,1341,71,19,29
prod_00000003,perfumaria,25,1461,1,904,71,7,21
prod_00000004,utilidades_domesticas,67,1439,1,3485,50,16,33
prod_00000005,automotivo,44,214,4,1146,63,29,33
prod_00000006,telefonia,30,927,4,2477,26,6,12
prod_00000007,fashion_bolsas_e_acessorios,55,173,4,2241,25,18,20
prod_00000008,utilidades_domesticas,44,1996,4,1862,10,43,5
prod_00000009,pet_shop,70,331,1,5151,76,5,5
prod_00000010,beleza_saude,58,2128,1,343,13,27,59
prod_00000011,cool_stuff,63,2876,4,4263,90,57,19
prod_00000012,esporte_lazer,29,474,4,1000,74,14,22
prod_00000013,moveis_decoracao,66,1445,1,6465,81,26,26
prod_00000014,agro_industria_e_comercio,45,1853,1,2180,15,18,37
prod_00000015,moveis_decoracao,26,763,1,2666,84,27,52
prod_00000016,fashion_bolsas_e_acessorios,70,1266,3,1214,48,48,8
prod_00000017,eletronicos,29,1308,3,452,83,57,36
prod_00000018,bebes,61,589,3,109,85,28,9
prod_00000019,telefonia,43,2494,3,1544,53,38,31
prod_00000020,papelaria,39,291,1,11038,17,26,46
prod_00000021,utilidades_domesticas,26,2041,5,793,25,19,9
prod_00000022,relogios_presentes,22,1658,5,4415,91,29,12
prod_00000023,construcao_ferramentas_construcao,50,377,4,1657,73,34,23
prod_00000024,perfumaria,42,1889,5,3125,10,43,38
prod_00000025,beleza_saude,58,1142,5,710,33,9,27
prod_00000026,automotivo,38,2084,1,783,50,16,13
prod_00000027,informatica_acessorios,69,238,1,2516,28,58,46
prod_00000028,beleza_saude,53,642,4,1229,19,45,12
prod_00000029,utilidades_domesticas,45,2478,1,156,29,24,13
prod_00000030,papelaria,27,1138,2,1144,72,44,31
prod_00000031,bebes,40,872,5,5149,44,25,8
prod_00000032,fashion_bolsas_e_acessorios,68,1043,1,2277,89,51,43
prod_00000033,brinquedos,53,2125,1,11109,24,10,6
prod_00000034,fashion_bolsas_e_acessorios,43,660,4,1336,29,52,12
prod_00000035,moveis_escritorio,20,2710,3,8843,58,29,14
prod_00000036,telefonia,31,2858,5,8580,78,18,38
prod_00000037,bebes,67,2464,1,3169,44,59,5
prod_00000038,bebes,78,853,2,4116,45,16,22
prod_00000039,fashion_bolsas_e_acessorios,68,1942,3,2528,43,52,37
prod_00000040,automotivo,68,757,5,11309,14,29,28
prod_00000041,moveis_decoracao,48,2083,3,2763,47,37,14
prod_00000042,pet_shop,56,1117,3,608,30,24,57
prod_00000043,eletronicos,29,2578,4,3075,56,19,48
prod_00000044,cama_mesa_banho,59,341,5,2657,32,17,21
prod_00000045,brinquedos,50,115,1,5545,99,32,5
prod_00000046,papelaria,66,2927,5,608,75,40,19
prod_00000047,bebes,57,1743,5,5477,59,36,24
prod_00000048,cool_stuff,55,481,1,150,12,33,51
prod_00000049,pet_shop,46,1246,3,639,80,10,30
prod_00000050,beleza_saude,73,1124,3,5694,96,29,34
prod_00000051,informatica_acessorios,78,2208,5,833,27,45,23
prod_00000052,moveis_escritorio,73,1767,1,1046,73,12,19
prod_00000053,perfumaria,34,1354,2,517,89,6,40
prod_00000054,eletronicos,39,1958,2,3267,93,38,38
prod_00000055,agro_industria_e_comercio,73,1691,4,3195,59,29,24
prod_00000056,automotivo,44,1688,4,11137,71,43,16
prod_00000057,cool_stuff,67,2472,2,1995,63,20,59
prod_00000058,automotivo,49,2130,3,1207,39,41,57
prod_00000059,automotivo,58,1774,5,4113,89,54,25
prod_00000060,informatica_acessorios,74,2842,4,1325,87,23,9
prod_00000061,automotivo,55,1104,2,3890,53,35,59
prod_00000062,construcao_ferramentas_construcao,49,786,1,3116,83,31,20
prod_00000063,bebes,49,2992,4,605,94,49,57
prod_00000064,papelaria,59,1458,4,3385,41,10,34
prod_00000065,telefonia,45,2440,5,1629,78,29,17
prod_00000066,construcao_ferramentas_construcao,43,2167,4,1198,70,24,19
prod_00000067,relogios_presentes,45,665,2,885,20,41,45
prod_00000068,pet_shop,30,1662,3,881,62,5,7
prod_00000069,cool_stuff,22,2815,4,4007,39,58,9
prod_00000070,utilidades_domesticas,68,2802,1,1283,81,23,36
prod_00000071,cool_stuff,50,2816,1,37923,84,49,17
prod_00000072,moveis_escritorio,46,2651,3,1462,61,58,7
prod_00000073,cama_mesa_banho,70,1219,5,862,17,18,7
prod_00000074,cama_mesa_banho,43,1392,3,1699,40,30,22
prod_00000075,esporte_lazer,77,1180,4,370,42,55,7
prod_00000076,cama_mesa_banho,57,1991,4,1483,26,21,37
prod_00000077,eletronicos,39,889,4,6638,36,47,7
prod_00000078,informatica_acessorios,43,1729,1,6631,30,43,28
prod_00000079,pet_shop,28,1567,4,1973,35,13,24
prod_00000080,informatica_acessorios,75,2374,4,619,82,26,5
prod_00000081,papelaria,24,1068,5,825,92,12,46
prod_00000082,perfumaria,62,183,4,2543,97,43,25
prod_00000083,telefonia,60,428,2,1306,51,6,8
prod_00000084,brinquedos,27,707,5,1023,54,44,30
prod_00000085,automotivo,51,2639,1,2327,62,37,56
prod_00000086,relogios_presentes,50,1798,4,7582,76,50,43
prod_00000087,beleza_saude,27,835,3,2189,38,26,24
prod_00000088,cama_mesa_banho,25,1166,1,1705,40,57,38
prod_00000089,agro_industria_e_comercio,57,2588,5,525,13,6,16
prod_00000090,esporte_lazer,54,1833,5,1113,44,52,19
prod_00000091,beleza_saude,26,2546,5,1010,15,51,21
prod_00000092,agro_industria_e_comercio,23,1246,3,884,95,32,46
prod_00000093,relogios_presentes,57,863,1,10878,18,38,40
prod_00000094,agro_industria_e_comercio,28,2960,4,396,28,20,15
prod_00000095,informatica_acessorios,61,235,1,835,83,22,39
prod_00000096,informatica_acessorios,62,149,3,1473,55,10,51
prod_00000097,esporte_lazer,33,1002,2,7428,88,35,33
prod_00000098,agro_industria_e_comercio,61,2905,1,773,85,29,45
prod_00000099,moveis_decoracao,24,615,4,1902,66,35,7
prod_00000100,bebes,72,806,2,2349,75,28,15
prod_00000101,construcao_ferramentas_construcao,43,454,2,6211,28,6,55
prod_00000102,utilidades_domesticas,21,626,5,2079,97,11,10
prod_00000103,informatica_acessorios,65,2016,1,2295,67,53,21
prod_00000104,utilidades_domesticas,65,1473,4,1352,61,39,59
prod_00000105,automotivo,24,1268,5,1670,61,18,33
prod_00000106,brinquedos,27,2507,1,2588,78,57,36
prod_00000107,papelaria,79,2071,3,639,21,56,5
prod_00000108,esporte_lazer,26,2804,2,2511,12,33,26
prod_00000109,papelaria,57,1433,3,6156,59,58,46
prod_00000110,automotivo,24,1793,5,1722,26,55,18
prod_00000111,eletronicos,78,694,2,1464,43,10,49
prod_00000112,cool_stuff,68,1752,5,444,10,17,47
prod_00000113,automotivo,46,2858,4,1736,12,29,37
prod_00000114,utilidades_domesticas,59,628,5,4194,63,27,28
prod_00000115,esporte_lazer,48,201,3,3925,63,31,42
prod_00000116,automotivo,72,715,5,351,90,41,7
prod_00000117,beleza_saude,55,360,4,3823,58,10,14
prod_00000118,bebes,73,2371,1,3872,24,48,50
prod_00000119,bebes,77,2873,2,1155,61,10,8
prod_00000120,cool_stuff,77,1274,4,1174,53,56,7
prod_00000121,beleza_saude,47,934,2,594,36,55,14
prod_00000122,automotivo,68,2930,3,561,57,12,53
prod_00000123,automotivo,72,996,5,1555,40,22,16
prod_00000124,utilidades_domesticas,67,2398,4,1271,15,35,42
prod_00000125,papelaria,34,1322,3,768,90,59,22
prod_00000126,esporte_lazer,41,1696,5,1126,97,56,12
prod_00000127,fashion_bolsas_e_acessorios,40,2112,3,2614,30,7,35
prod_00000128,relogios_presentes,74,510,3,1343,99,32,48
prod_00000129,agro_industria_e_comercio,62,386,5,4356,74,24,16
prod_00000130,bebes,36,754,2,3473,98,19,32
prod_00000131,utilidades_domesticas,28,372,2,850,83,13,35
prod_00000132,fashion_bolsas_e_acessorios,21,1211,3,2079,64,32,42
prod_00000133,informatica_acessorios,67,2879,3,729,59,5,7
prod_00000134,moveis_decoracao,34,1047,2,613,87,19,14
prod_00000135,moveis_escritorio,75,1772,4,1017,48,9,29
prod_00000136,eletronicos,75,2381,1,10714,61,29,52
prod_00000137,relogios_presentes,31,2796,2,4276,19,13,30
prod_00000138,agro_industria_e_comercio,54,2766,5,1324,87,57,6
prod_00000139,informatica_acessorios,42,143,4,2704,55,23,28
prod_00000140,papelaria,39,2194,3,3608,55,59,35
prod_00000141,automotivo,47,2325,3,281,73,32,26
prod_00000142,informatica_acessorios,75,537,4,1061,66,51,16
prod_00000143,beleza_saude,76,1679,4,796,60,57,38
prod_00000144,esporte_lazer,79,1712,3,1217,30,48,48
prod_00000145,esporte_lazer,68,350,2,1972,88,53,46
prod_00000146,construcao_ferramentas_construcao,42,201,1,2732,25,36,41
prod_00000147,automotivo,37,503,2,1735,96,34,7
prod_00000148,papelaria,65,1120,1,4020,23,52,32
prod_00000149,cama_mesa_banho,40,272,1,1819,30,8,7
prod_00000150,fashion_bolsas_e_acessorios,68,897,2,5739,24,42,27
prod_00000151,moveis_decoracao,71,1317,1,1501,66,19,56
prod_00000152,cama_mesa_banho,63,774,2,6339,23,39,37
prod_00000153,beleza_saude,71,356,2,2128,28,28,46
prod_00000154,bebes,23,2736,2,2354,62,7,8
prod_00000155,automotivo,49,368,4,500,30,45,50
prod_00000156,moveis_decoracao,38,842,4,1921,83,22,47
prod_00000157,cool_stuff,58,2769,4,2574,91,15,26
prod_00000158,bebes,78,2703,2,1047,74,59,14
prod_00000159,construcao_ferramentas_construcao,72,228,1,1074,18,35,11
prod_00000160,cama_mesa_banho,36,2502,5,14066,42,8,27
prod_00000161,pet_shop,30,2071,1,770,73,34,12
prod_00000162,fashion_bolsas_e_acessorios,59,1000,4,618,91,42,46
prod_00000163,fashion_bolsas_e_acessorios,65,2072,2,2924,70,44,7
prod_00000164,eletronicos,73,505,2,7647,69,43,40
prod_00000165,bebes,40,2060,2,730,72,17,40
prod_00000166,esporte_lazer,43,2019,1,6140,88,10,47
prod_00000167,moveis_escritorio,50,127,5,340,30,21,53
prod_00000168,telefonia,43,2591,2,2076,43,6,46
prod_00000169,cama_mesa_banho,22,705,4,2975,16,16,23
prod_00000170,bebes,45,447,5,513,87,24,17
prod_00000171,fashion_bolsas_e_acessorios,46,454,5,1206,70,6,45
prod_00000172,informatica_acessorios,64,267,5,433,75,24,58
prod_00000173,construcao_ferramentas_construcao,72,306,1,1501,41,46,5
prod_00000174,moveis_escritorio,57,2182,3,2082,12,50,28
prod_00000175,perfumaria,20,1555,2,393,22,40,13
prod_00000176,cool_stuff,33,2759,2,1259,75,19,13
prod_00000177,brinquedos,66,2996,4,2043,27,19,22
prod_00000178,bebes,43,1914,4,3318,99,12,34
prod_00000179,beleza_saude,53,229,5,617,40,37,58
prod_00000180,esporte_lazer,23,1577,5,999,81,43,17
prod_00000181,perfumaria,20,1257,3,3613,88,56,38
prod_00000182,moveis_escritorio,77,988,1,1007,47,14,58
prod_00000183,cool_stuff,69,1342,2,308,15,10,56
prod_00000184,esporte_lazer,34,540,3,1346,35,35,6
prod_00000185,papelaria,47,1136,2,942,84,17,55
prod_00000186,brinquedos,43,2204,5,4404,28,59,17
prod_00000187,relogios_presentes,24,2191,1,4064,49,30,49
prod_00000188,utilidades_domesticas,24,1344,1,964,53,10,5
prod_00000189,moveis_escritorio,44,2931,4,1479,24,38,21
prod_00000190,beleza_saude,22,392,1,1814,47,5,11
prod_00000191,bebes,45,1175,3,1488,64,18,17
prod_00000192,relogios_presentes,39,2749,3,1174,21,14,10
prod_00000193,brinquedos,69,261,3,1142,61,45,23
prod_00000194,bebes,25,997,1,636,19,14,54
prod_00000195,informatica_acessorios,29,812,4,3960,33,23,37
prod_00000196,perfumaria,23,653,4,4197,62,38,46
prod_00000197,fashion_bolsas_e_acessorios,21,2689,1,1147,51,38,44
prod_00000198,esporte_lazer,43,839,2,2092,70,23,50
prod_00000199,papelaria,65,1701,5,1954,63,52,20
prod_00000200,relogios_presentes,36,2538,4,5163,63,16,19
prod_00000201,moveis_decoracao,47,1626,2,1488,65,35,56
prod_00000202,beleza_saude,28,2411,3,1077,77,35,42
prod_00000203,relogios_presentes,22,198,3,1096,52,33,14
prod_00000204,cama_mesa_banho,31,913,4,2362,56,28,30
prod_00000205,construcao_ferramentas_construcao,22,1582,2,1960,59,40,17
prod_00000206,telefonia,48,2057,3,512,93,9,24
prod_00000207,fashion_bolsas_e_acessorios,33,1488,5,407,33,19,55
prod_00000208,bebes,20,1081,2,659,99,18,45
prod_00000209,esporte_lazer,27,1434,2,1968,30,14,29
prod_00000210,moveis_escritorio,75,1417,1,2650,55,8,8
prod_00000211,brinquedos,49,2085,5,5471,52,40,25
prod_00000212,fashion_bolsas_e_acessorios,79,1336,5,1810,11,13,59
prod_00000213,moveis_escritorio,76,2192,2,17673,57,46,45
prod_00000214,papelaria,30,1212,2,13163,44,42,7
prod_00000215,cama_mesa_banho,78,198,2,937,95,12,19
prod_00000216,beleza_saude,64,1322,3,5600,86,52,33
prod_00000217,cool_stuff,60,1805,5,1864,84,13,42
prod_00000218,beleza_saude,59,2155,4,293,28,38,36
prod_00000219,cool_stuff,68,563,4,11713,91,18,34
prod_00000220,beleza_saude,21,2096,3,2576,40,19,24
prod_00000221,bebes,24,2243,2,4462,99,41,49
prod_00000222,informatica_acessorios,47,2149,4,4962,57,49,59
prod_00000223,relogios_presentes,48,1671,2,397,27,53,12
prod_00000224,pet_shop,77,626,1,6562,73,38,22
prod_00000225,papelaria,61,429,3,3485,53,21,17
prod_00000226,moveis_escritorio,71,543,2,594,43,35,27
prod_00000227,moveis_decoracao,26,969,1,2787,21,49,16
prod_00000228,construcao_ferramentas_construcao,38,492,2,975,50,14,16
prod_00000229,telefonia,34,1090,4,6577,13,40,59
prod_00000230,esporte_lazer,20,349,4,6454,48,42,48
prod_00000231,beleza_saude,70,991,5,480,35,50,40
prod_00000232,moveis_decoracao,24,196,1,1972,78,30,45
prod_00000233,fashion_bolsas_e_acessorios,70,2648,5,10692,85,9,6
prod_00000234,cama_mesa_banho,78,935,3,2411,22,48,6
prod_00000235,fashion_bolsas_e_acessorios,45,1650,1,2588,19,26,44
prod_00000236,agro_industria_e_comercio,44,688,5,470,54,31,44
prod_00000237,beleza_saude,69,801,1,1265,54,39,22
prod_00000238,telefonia,61,1628,5,1503,35,57,48
prod_00000239,moveis_decoracao,51,1866,4,6761,48,47,36
prod_00000240,cama_mesa_banho,32,1330,2,1112,87,25,51
prod_00000241,utilidades_domesticas,43,116,2,596,21,20,8
prod_00000242,beleza_saude,44,2821,4,156,40,29,43
prod_00000243,brinquedos,29,891,1,12501,34,32,40
prod_00000244,informatica_acessorios,37,2665,2,2725,57,23,54
prod_00000245,papelaria,25,2737,3,3901,57,5,48
prod_00000246,agro_industria_e_comercio,49,1378,3,1257,80,50,41
prod_00000247,utilidades_domesticas,69,1186,1,392,16,13,8
prod_00000248,construcao_ferramentas_construcao,44,1769,2,648,77,36,6
prod_00000249,esporte_lazer,65,2213,2,4086,36,58,43
prod_00000250,informatica_acessorios,63,2121,2,1293,93,25,27
prod_00000251,informatica_acessorios,49,1340,3,2666,81,23,45
prod_00000252,fashion_bolsas_e_acessorios,45,1151,4,412,57,14,49
prod_00000253,agro_industria_e_comercio,28,522,4,1085,28,23,16
prod_00000254,agro_industria_e_comercio,32,839,1,373,48,34,9
prod_00000255,telefonia,36,501,3,772,30,26,43
prod_00000256,esporte_lazer,69,605,1,2254,67,47,56
prod_00000257,relogios_presentes,56,1171,1,3228,28,50,7
prod_00000258,eletronicos,21,1179,5,7013,88,26,45
prod_00000259,cool_stuff,46,1434,5,2135,41,49,23
prod_00000260,bebes,47,1279,2,1506,95,57,30
prod_00000261,cool_stuff,63,1754,1,1038,91,11,24
prod_00000262,informatica_acessorios,57,2222,4,1893,96,16,44
prod_00000263,construcao_ferramentas_construcao,22,1253,4,3823,57,56,28
prod_00000264,moveis_escritorio,48,1618,2,567,50,45,52
prod_00000265,moveis_decoracao,30,2170,4,322,76,16,34
prod_00000266,cool_stuff,50,954,1,182,84,39,8
prod_00000267,relogios_presentes,48,960,1,596,17,42,21
prod_00000268,beleza_saude,38,2850,1,1267,12,6,39
prod_00000269,construcao_ferramentas_construcao,60,2590,5,648,68,54,25
prod_00000270,utilidades_domesticas,31,575,5,1121,58,25,56
prod_00000271,cool_stuff,73,1546,1,2445,58,46,40
prod_00000272,esporte_lazer,41,2045,2,1068,85,51,12
prod_00000273,informatica_acessorios,73,364,3,2053,63,25,35
prod_00000274,automotivo,67,1319,4,9895,99,33,9
prod_00000275,moveis_decoracao,30,768,5,3432,88,10,52
prod_00000276,eletronicos,34,1870,4,6232,11,48,20
prod_00000277,utilidades_domesticas,38,2117,1,8763,87,28,32
prod_00000278,perfumaria,67,2755,5,2670,38,33,52
prod_00000279,moveis_escritorio,42,2430,3,1948,16,53,58
prod_00000280,utilidades_domesticas,64,2471,2,5205,35,27,13
prod_00000281,papelaria,56,2667,5,1667,23,11,11
prod_00000282,telefonia,28,2918,1,2930,99,32,49
prod_00000283,construcao_ferramentas_construcao,33,1750,2,6290,11,15,21
prod_00000284,beleza_saude,53,1782,2,617,97,33,52
prod_00000285,moveis_decoracao,66,683,2,669,88,5,32
prod_00000286,informatica_acessorios,68,2385,2,1097,58,9,35
prod_00000287,agro_industria_e_comercio,56,1458,4,62,78,32,37
prod_00000288,bebes,30,2702,2,374,82,51,44
prod_00000289,utilidades_domesticas,49,2419,3,2623,56,56,34
prod_00000290,cama_mesa_banho,64,2668,1,875,61,22,31
prod_00000291,fashion_bolsas_e_acessorios,37,1475,2,615,58,36,57
prod_00000292,esporte_lazer,67,2448,4,1044,97,29,50
prod_00000293,cama_mesa_banho,70,1825,3,997,90,50,46
prod_00000294,cama_mesa_banho,64,2521,4,1418,33,6,47
prod_00000295,utilidades_domesticas,53,416,5,632,22,37,11
prod_00000296,esporte_lazer,51,362,2,832,22,28,32
prod_00000297,construcao_ferramentas_construcao,51,206,2,224,10,47,54
prod_00000298,brinquedos,61,194,2,4889,25,43,19
prod_00000299,eletronicos,52,2234,5,1060,26,29,46
prod_00000300,fashion_bolsas_e_acessorios,25,1832,5,797,13,54,46
prod_00000301,moveis_decoracao,22,751,1,8336,36,47,54
prod_00000302,relogios_presentes,32,2691,4,3523,33,58,22
prod_00000303,moveis_decoracao,69,2577,1,4835,96,29,41
prod_00000304,automotivo,46,996,5,618,34,24,6
prod_00000305,pet_shop,74,2674,4,4155,22,54,56
prod_00000306,papelaria,73,1777,2,7531,40,18,33
prod_00000307,eletronicos,72,1491,3,1592,47,46,12
prod_00000308,telefonia,67,1190,2,715,25,35,58
prod_00000309,utilidades_domesticas,77,2431,4,1060,19,55,49
prod_00000310,agro_industria_e_comercio,37,914,4,8542,75,50,39
prod_00000311,beleza_saude,73,2559,4,360,40,37,27
prod_00000312,agro_industria_e_comercio,79,2828,1,863,32,52,31
prod_00000313,utilidades_domesticas,44,515,3,11527,97,7,16
prod_00000314,fashion_bolsas_e_acessorios,54,178,1,1370,80,9,44
prod_00000315,agro_industria_e_comercio,40,2771,3,1683,66,51,11
prod_00000316,esporte_lazer,56,1850,3,3593,42,44,39
prod_00000317,brinquedos,53,2977,4,1213,28,47,9
prod_00000318,perfumaria,48,1115,2,2547,22,33,9
prod_00000319,eletronicos,77,1181,3,3259,85,17,26
prod_00000320,cama_mesa_banho,59,2290,5,4203,62,56,5
prod_00000321,moveis_escritorio,30,1949,3,2480,49,26,39
prod_00000322,telefonia,79,2902,4,14804,17,9,46
prod_00000323,relogios_presentes,73,2259,4,1983,26,42,13
prod_00000324,informatica_acessorios,29,2359,2,4149,34,20,40
prod_00000325,pet_shop,53,1843,1,590,12,27,15
prod_00000326,informatica_acessorios,67,1013,1,3837,78,28,33
prod_00000327,agro_industria_e_comercio,48,2527,2,1004,76,6,29
prod_00000328,perfumaria,38,2571,2,3175,63,49,59
prod_00000329,moveis_escritorio,71,2708,3,1170,78,42,8
prod_00000330,pet_shop,36,737,5,1640,31,15,38
prod_00000331,telefonia,68,242,2,3939,19,42,36
prod_00000332,papelaria,72,2690,5,1853,34,43,6
prod_00000333,relogios_presentes,57,1804,2,1670,49,47,29
prod_00000334,automotivo,55,2291,1,1109,22,34,9
prod_00000335,beleza_saude,37,689,5,1385,41,11,12
prod_00000336,relogios_presentes,69,2090,4,1144,94,45,25
prod_00000337,informatica_acessorios,44,141,3,2265,42,24,29
prod_00000338,moveis_decoracao,45,715,4,3878,77,19,55
prod_00000339,fashion_bolsas_e_acessorios,25,1832,5,4548,91,32,39
prod_00000340,fashion_bolsas_e_acessorios,78,1849,2,4219,35,46,26
prod_00000341,utilidades_domesticas,66,580,5,4009,87,35,14
prod_00000342,utilidades_domesticas,70,315,5,751,43,27,29
prod_00000343,beleza_saude,26,1206,1,675,86,7,57
prod_00000344,beleza_saude,47,1033,3,1352,76,8,9
prod_00000345,perfumaria,69,2157,4,1544,73,58,7
prod_00000346,brinquedos,46,2709,2,2037,47,45,46
prod_00000347,relogios_presentes,66,1772,3,2247,80,35,28
prod_00000348,eletronicos,45,1921,2,1020,70,23,55
prod_00000349,automotivo,57,2720,2,4086,32,50,53
prod_00000350,cool_stuff,49,2111,1,118,92,46,52
prod_00000351,agro_industria_e_comercio,20,457,1,142,69,9,50
prod_00000352,papelaria,61,2248,1,938,76,19,8
prod_00000353,beleza_saude,64,1143,1,2197,32,41,51
prod_00000354,informatica_acessorios,27,1424,1,444,14,50,19
prod_00000355,beleza_saude,40,2273,1,2836,26,54,11
prod_00000356,moveis_escritorio,73,1501,2,1596,16,44,49
prod_00000357,utilidades_domesticas,78,2645,3,4746,64,5,58
prod_00000358,utilidades_domesticas,51,779,5,1091,30,28,54
prod_00000359,cama_mesa_banho,36,1746,4,627,18,39,24
prod_00000360,fashion_bolsas_e_acessorios,38,757,4,14061,97,51,23
prod_00000361,pet_shop,49,2749,2,717,53,42,33
prod_00000362,informatica_acessorios,32,2727,5,1868,97,21,54
prod_00000363,esporte_lazer,58,467,4,1233,55,55,15
prod_00000364,telefonia,31,1520,1,245,22,52,6
prod_00000365,papelaria,23,2095,2,453,12,8,10
prod_00000366,construcao_ferramentas_construcao,42,872,2,3729,23,25,47
prod_00000367,construcao_ferramentas_construcao,47,2427,1,1020,31,23,49
prod_00000368,cool_stuff,73,941,5,492,42,47,35
prod_00000369,eletronicos,67,902,5,1586,56,51,40
prod_00000370,relogios_presentes,42,586,2,413,13,26,21
prod_00000371,cool_stuff,41,2100,1,1459,81,38,30
prod_00000372,telefonia,64,961,4,2515,15,30,41
prod_00000373,informatica_acessorios,46,2572,3,3137,47,20,23
prod_00000374,cool_stuff,62,1048,2,3969,92,55,28
prod_00000375,telefonia,77,314,4,1696,19,13,23
prod_00000376,informatica_acessorios,34,2501,2,6285,65,25,38
prod_00000377,telefonia,70,1781,1,5074,75,55,5
prod_00000378,eletronicos,62,1436,2,745,65,59,16
prod_00000379,relogios_presentes,55,2714,3,1257,82,48,30
prod_00000380,bebes,34,1779,5,6555,16,59,56
prod_00000381,telefonia,23,1353,1,1960,39,14,34
prod_00000382,esporte_lazer,58,2823,3,1787,45,47,39
prod_00000383,fashion_bolsas_e_acessorios,62,1478,4,607,42,40,18
prod_00000384,construcao_ferramentas_construcao,52,849,5,533,26,16,26
prod_00000385,fashion_bolsas_e_acessorios,42,2658,2,21986,87,16,54
prod_00000386,beleza_saude,23,1630,3,3435,55,51,47
prod_00000387,eletronicos,57,2150,3,1232,29,29,15
prod_00000388,moveis_decoracao,75,160,4,4330,92,7,38
prod_00000389,relogios_presentes,77,2260,1,2536,31,42,31
prod_00000390,agro_industria_e_comercio,40,1410,3,610,18,23,46
prod_00000391,papelaria,55,2413,3,474,49,58,49
prod_00000392,utilidades_domesticas,58,490,4,8379,80,8,17
prod_00000393,bebes,38,1185,2,1218,34,48,39
prod_00000394,perfumaria,77,576,4,2240,75,49,29
prod_00000395,moveis_decoracao,26,2490,3,1641,45,53,52
prod_00000396,papelaria,70,2490,3,1333,31,17,16
prod_00000397,relogios_presentes,26,2148,1,3362,23,51,47
prod_00000398,perfumaria,75,1420,1,2394,10,45,49
prod_00000399,automotivo,43,581,2,4060,97,19,21
prod_00000400,relogios_presentes,32,682,1,4008,63,51,43
prod_00000401,cool_stuff,42,1533,1,848,23,36,55
prod_00000402,moveis_decoracao,67,941,1,1808,67,57,31
prod_00000403,beleza_saude,70,668,2,1495,25,6,51
prod_00000404,construcao_ferramentas_construcao,32,921,2,2538,18,41,13
prod_00000405,beleza_saude,67,1141,3,3763,71,24,23
prod_00000406,automotivo,55,2263,2,1626,55,57,38
prod_00000407,moveis_decoracao,48,2134,1,1211,57,17,28
prod_00000408,informatica_acessorios,73,1090,2,1338,88,7,10
prod_00000409,papelaria,33,794,1,1156,17,30,19
prod_00000410,papelaria,33,2003,4,4908,19,56,54
prod_00000411,eletronicos,53,263,5,5901,25,19,22
prod_00000412,utilidades_domesticas,26,1298,3,3073,85,25,23
prod_00000413,cool_stuff,28,532,4,381,63,51,55
prod_00000414,telefonia,51,1890,3,1118,41,41,36
prod_00000415,brinquedos,62,731,5,7258,47,34,36
prod_00000416,agro_industria_e_comercio,64,2213,3,540,82,42,53
prod_00000417,utilidades_domesticas,38,1803,5,5265,51,28,52
prod_00000418,agro_industria_e_comercio,60,2158,1,488,95,44,55
prod_00000419,utilidades_domesticas,39,2707,4,7451,80,24,29
prod_00000420,construcao_ferramentas_construcao,64,2255,5,465,71,21,6
prod_00000421,moveis_escritorio,25,733,3,4955,52,22,44
prod_00000422,telefonia,44,2175,4,2318,94,20,57
prod_00000423,esporte_lazer,70,1235,1,747,54,30,41
prod_00000424,eletronicos,41,1878,2,614,24,17,46
prod_00000425,pet_shop,65,1466,5,2138,70,55,42
prod_00000426,fashion_bolsas_e_acessorios,31,2363,5,216,48,16,43
prod_00000427,relogios_presentes,70,1329,1,1631,57,23,35
prod_00000428,construcao_ferramentas_construcao,62,341,3,503,22,40,46
prod_00000429,fashion_bolsas_e_acessorios,73,968,3,572,89,30,44
prod_00000430,papelaria,75,2506,3,1630,32,51,35
prod_00000431,automotivo,31,2744,4,504,75,9,13
prod_00000432,cama_mesa_banho,39,2229,5,2600,31,18,23
prod_00000433,eletronicos,54,2619,2,4993,69,10,7
prod_00000434,telefonia,53,2448,2,1257,69,36,25
prod_00000435,telefonia,36,1109,4,2459,32,39,41
prod_00000436,cool_stuff,62,1948,1,1394,94,50,52
prod_00000437,eletronicos,57,1611,2,1219,28,31,13
prod_00000438,construcao_ferramentas_construcao,24,1384,1,1320,57,52,20
prod_00000439,telefonia,26,117,5,8351,40,5,7
prod_00000440,construcao_ferramentas_construcao,50,1916,5,4969,16,12,23
prod_00000441,moveis_decoracao,36,2836,3,1664,50,54,56
prod_00000442,construcao_ferramentas_construcao,21,2343,2,1060,49,9,56
prod_00000443,cama_mesa_banho,40,1785,5,1175,20,48,26
prod_00000444,eletronicos,60,280,5,599,22,32,58
prod_00000445,beleza_saude,30,750,5,337,94,11,21
prod_00000446,beleza_saude,67,2545,1,5629,18,17,41
prod_00000447,fashion_bolsas_e_acessorios,49,1552,5,10737,56,11,18
prod_00000448,pet_shop,67,745,2,2615,55,10,12
prod_00000449,beleza_saude,43,678,4,205,10,38,49
prod_00000450,eletronicos,28,559,2,349,57,27,10
prod_00000451,pet_shop,43,732,5,13719,67,45,34
prod_00000452,bebes,75,309,4,573,98,10,5
prod_00000453,fashion_bolsas_e_acessorios,65,1587,4,4320,77,33,42
prod_00000454,informatica_acessorios,66,2623,1,1243,86,26,18
prod_00000455,papelaria,30,202,2,1118,95,40,21
prod_00000456,fashion_bolsas_e_acessorios,70,323,2,2429,83,59,32
prod_00000457,telefonia,30,710,4,5478,68,25,5
prod_00000458,esporte_lazer,48,1531,3,3927,82,35,21
prod_00000459,moveis_escritorio,78,163,2,1181,84,38,16
prod_00000460,cama_mesa_banho,79,2647,4,1312,21,17,12
prod_00000461,eletronicos,35,2849,5,2972,38,39,33
prod_00000462,relogios_presentes,50,432,4,268,81,45,44
prod_00000463,moveis_decoracao,72,276,1,978,41,42,32
prod_00000464,perfumaria,34,314,5,2078,22,43,27
prod_00000465,brinquedos,69,718,4,247,23,21,28
prod_00000466,telefonia,72,2850,2,4393,81,25,41
prod_00000467,esporte_lazer,26,1648,5,1353,41,20,51
prod_00000468,cama_mesa_banho,28,527,5,2950,93,48,19
prod_00000469,fashion_bolsas_e_acessorios,75,1295,2,4555,18,5,39
prod_00000470,brinquedos,63,1655,5,140,42,20,40
prod_00000471,utilidades_domesticas,25,2230,2,1383,27,46,32
prod_00000472,papelaria,79,2983,5,1058,89,49,51
prod_00000473,construcao_ferramentas_construcao,21,2055,1,2906,48,27,30
prod_00000474,construcao_ferramentas_construcao,30,861,2,1001,23,18,11
prod_00000475,cama_mesa_banho,42,2553,4,2511,36,6,43
prod_00000476,papelaria,70,977,3,5382,72,51,9
prod_00000477,papelaria,27,1713,5,1284,80,11,54
prod_00000478,moveis_decoracao,65,861,4,1852,78,5,5
prod_00000479,bebes,76,1185,4,1356,84,30,48
prod_00000480,utilidades_domesticas,22,553,3,1944,83,38,28
prod_00000481,perfumaria,65,2144,1,950,41,15,38
prod_00000482,papelaria,43,1882,5,808,25,29,41
prod_00000483,cama_mesa_banho,27,896,4,2266,55,29,46
prod_00000484,esporte_lazer,42,1062,2,2914,48,11,50
prod_00000485,bebes,24,2283,2,722,91,53,45
prod_00000486,cool_stuff,64,883,5,1623,17,51,57
prod_00000487,pet_shop,74,1910,3,2168,18,34,21
prod_00000488,beleza_saude,59,2575,3,8054,70,20,30
prod_00000489,brinquedos,76,2480,1,1298,66,58,31
prod_00000490,eletronicos,71,377,5,1820,87,52,35
prod_00000491,automotivo,64,1829,4,2765,23,13,14
prod_00000492,agro_industria_e_comercio,26,895,1,743,26,56,8
prod_00000493,moveis_escritorio,32,1740,3,4459,11,37,16
prod_00000494,construcao_ferramentas_construcao,41,1261,1,216,72,56,27
prod_00000495,relogios_presentes,49,1294,4,906,30,47,13
prod_00000496,esporte_lazer,26,371,2,311,46,36,49
prod_00000497,agro_industria_e_comercio,41,1139,4,2934,23,15,23
prod_00000498,cool_stuff,42,261,4,480,37,44,20
prod_00000499,beleza_saude,69,2303,4,14840,69,16,20
prod_00000500,pet_shop,72,660,4,1650,99,26,13
prod_00000501,perfumaria,24,1076,1,412,11,57,59
prod_00000502,beleza_saude,26,866,4,1020,84,35,7
prod_00000503,informatica_acessorios,78,1573,3,10535,65,19,21
prod_00000504,bebes,67,2199,5,3306,25,41,7
prod_00000505,perfumaria,78,1566,3,3388,73,54,25
prod_00000506,papelaria,60,1579,3,1831,87,43,45
prod_00000507,agro_industria_e_comercio,47,578,1,5637,44,44,26
prod_00000508,beleza_saude,64,2200,5,681,89,54,53
prod_00000509,perfumaria,26,2305,3,838,64,27,12
prod_00000510,perfumaria,36,2908,4,4242,92,33,24
prod_00000511,utilidades_domesticas,39,2658,2,3794,21,37,29
prod_00000512,moveis_escritorio,44,1368,4,760,80,36,16
prod_00000513,esporte_lazer,54,738,1,1785,87,17,48
prod_00000514,moveis_escritorio,52,451,3,1034,75,22,17
prod_00000515,relogios_presentes,48,2505,4,644,69,33,26
prod_00000516,moveis_decoracao,55,100,3,1482,43,52,37
prod_00000517,cool_stuff,23,1281,5,1927,93,30,19
prod_00000518,telefonia,26,2474,2,376,24,37,57
prod_00000519,moveis_escritorio,36,1443,4,8336,70,17,48
prod_00000520,informatica_acessorios,43,345,5,1311,83,26,34
prod_00000521,fashion_bolsas_e_acessorios,49,607,3,1896,95,33,29
prod_00000522,construcao_ferramentas_construcao,77,241,2,2233,27,58,40
prod_00000523,relogios_presentes,40,1944,3,3271,25,32,8
prod_00000524,telefonia,70,1434,1,18303,48,17,48
prod_00000525,cool_stuff,55,2753,1,2224,77,27,25
prod_00000526,perfumaria,40,635,5,2321,85,18,54
prod_00000527,automotivo,79,882,3,1346,49,45,9
prod_00000528,pet_shop,24,2874,3,720,30,24,5
prod_00000529,eletronicos,58,210,1,317,17,30,32
prod_00000530,automotivo,53,1008,4,3464,71,27,26
prod_00000531,beleza_saude,40,793,3,677,77,37,51
prod_00000532,esporte_lazer,31,428,3,3693,98,5,7
prod_00000533,perfumaria,59,2687,3,5684,55,5,42
prod_00000534,perfumaria,72,390,2,2066,33,32,26
prod_00000535,papelaria,64,115,5,1303,71,47,27
prod_00000536,fashion_bolsas_e_acessorios,33,1190,3,2148,78,53,37
prod_00000537,pet_shop,70,2934,4,31128,79,19,40
prod_00000538,pet_shop,75,1988,3,2807,42,45,50
prod_00000539,informatica_acessorios,66,667,5,5299,40,5,38
prod_00000540,fashion_bolsas_e_acessorios,37,2101,4,1262,77,36,14
prod_00000541,moveis_escritorio,62,1960,1,3636,78,15,39
prod_00000542,moveis_escritorio,46,295,2,6199,17,53,28
prod_00000543,brinquedos,58,260,1,2799,28,6,59
prod_00000544,papelaria,30,326,1,1179,75,5,11
prod_00000545,agro_industria_e_comercio,39,1550,4,2178,30,55,50
prod_00000546,perfumaria,54,2411,2,1718,80,6,5
prod_00000547,esporte_lazer,77,100,3,1109,16,28,9
prod_00000548,relogios_presentes,40,2421,2,4091,82,53,37
prod_00000549,papelaria,52,554,4,5199,37,27,57
prod_00000550,esporte_lazer,51,655,2,995,97,22,20
prod_00000551,esporte_lazer,60,520,1,1863,34,12,28
prod_00000552,bebes,39,979,4,2372,79,7,22
prod_00000553,utilidades_domesticas,66,1611,2,431,65,27,39
prod_00000554,brinquedos,25,2777,2,8539,24,31,36
prod_00000555,esporte_lazer,31,1123,5,340,73,11,26
prod_00000556,informatica_acessorios,46,2098,5,2330,22,30,7
prod_00000557,utilidades_domesticas,48,2597,4,485,96,40,53
prod_00000558,automotivo,25,750,2,95,95,33,58
prod_00000559,informatica_acessorios,48,424,2,434,83,57,13
prod_00000560,moveis_decoracao,40,2480,2,1836,61,38,46
prod_00000561,fashion_bolsas_e_acessorios,54,970,1,1051,81,36,59
prod_00000562,moveis_decoracao,52,2065,2,703,84,6,38
prod_00000563,relogios_presentes,63,2386,1,716,87,29,52
prod_00000564,pet_shop,46,491,1,4839,27,30,35
prod_00000565,cama_mesa_banho,56,2316,2,3986,99,55,16
prod_00000566,brinquedos,60,2066,1,428,62,58,49
prod_00000567,eletronicos,50,2081,5,258,89,6,49
prod_00000568,moveis_escritorio,37,1990,5,926,92,54,29
prod_00000569,moveis_decoracao,57,2626,4,7130,77,43,11
prod_00000570,fashion_bolsas_e_acessorios,77,2906,2,543,96,40,36
prod_00000571,perfumaria,43,1660,5,671,28,11,48
prod_00000572,eletronicos,77,1868,1,818,27,43,5
prod_00000573,papelaria,22,2530,5,10971,39,15,26
prod_00000574,cama_mesa_banho,66,1724,3,2216,73,58,8
prod_00000575,brinquedos,69,458,3,441,40,33,40
prod_00000576,relogios_presentes,32,460,1,649,20,56,15
prod_00000577,esporte_lazer,68,765,5,2048,23,20,14
prod_00000578,cama_mesa_banho,50,322,4,3754,53,13,19
prod_00000579,telefonia,28,1194,2,1080,33,16,24
prod_00000580,pet_shop,75,689,5,188,52,36,59
prod_00000581,cool_stuff,72,1355,4,6848,17,39,46
prod_00000582,eletronicos,32,1356,5,1485,15,37,19
prod_00000583,construcao_ferramentas_construcao,34,1905,5,4524,99,52,21
prod_00000584,cool_stuff,62,2130,4,1842,96,17,37
prod_00000585,cool_stuff,48,2328,2,1073,24,54,13
prod_00000586,fashion_bolsas_e_acessorios,45,358,4,4751,93,9,14
prod_00000587,construcao_ferramentas_construcao,35,2210,1,2955,53,29,34
prod_00000588,pet_shop,33,953,3,1596,51,24,39
prod_00000589,moveis_escritorio,41,2226,3,1671,63,38,28
prod_00000590,papelaria,25,2932,4,1197,82,14,25
prod_00000591,papelaria,77,261,5,668,52,15,37
prod_00000592,brinquedos,77,657,5,973,73,27,13
prod_00000593,construcao_ferramentas_construcao,75,1913,4,8130,74,55,14
prod_00000594,moveis_decoracao,34,855,4,1527,38,51,51
prod_00000595,brinquedos,46,1788,4,2297,98,45,5
prod_00000596,utilidades_domesticas,24,1100,4,2154,67,52,22
prod_00000597,automotivo,21,1348,3,882,71,47,46
prod_00000598,telefonia,36,2279,1,471,37,11,53
prod_00000599,fashion_bolsas_e_acessorios,55,2925,1,320,45,35,23
prod_00000600,perfumaria,37,2388,4,636,50,54,38
prod_00000601,brinquedos,44,2100,5,2849,42,27,13
prod_00000602,beleza_saude,25,293,1,806,49,30,42
prod_00000603,moveis_decoracao,54,570,4,1706,68,46,18
prod_00000604,perfumaria,72,1883,2,3255,74,46,42
prod_00000605,brinquedos,73,1776,2,487,53,28,36
prod_00000606,papelaria,49,425,1,3136,66,50,19
prod_00000607,utilidades_domesticas,79,2042,4,514,66,5,12
prod_00000608,agro_industria_e_comercio,22,2929,1,1556,60,45,44
prod_00000609,utilidades_domesticas,48,838,2,5498,57,34,19
prod_00000610,moveis_escritorio,72,1604,2,3818,45,8,15
prod_00000611,brinquedos,60,1407,1,1580,89,13,15
prod_00000612,utilidades_domesticas,25,2526,1,846,57,41,25
prod_00000613,utilidades_domesticas,52,1588,5,795,62,44,14
prod_00000614,moveis_decoracao,37,1298,4,266,54,7,26
prod_00000615,utilidades_domesticas,46,2436,2,645,84,50,14
prod_00000616,telefonia,58,2906,4,4201,35,15,42
prod_00000617,informatica_acessorios,46,301,5,735,88,34,34
prod_00000618,beleza_saude,27,571,3,1247,15,46,54
prod_00000619,cool_stuff,67,2293,3,1597,59,34,17
prod_00000620,construcao_ferramentas_construcao,58,2031,2,3440,23,21,53
prod_00000621,moveis_decoracao,22,329,5,2335,18,25,45
prod_00000622,papelaria,27,820,3,1903,93,49,52
prod_00000623,automotivo,60,2078,5,529,76,14,24
prod_00000624,perfumaria,21,1278,2,28531,15,43,51
prod_00000625,utilidades_domesticas,37,556,1,1377,51,8,24
prod_00000626,relogios_presentes,47,804,4,4250,25,30,59
prod_00000627,moveis_escritorio,50,1316,1,1056,25,59,41
prod_00000628,beleza_saude,71,2776,2,2250,83,58,53
prod_00000629,cool_stuff,53,1942,4,984,79,32,32
prod_00000630,perfumaria,78,624,1,745,59,59,58
prod_00000631,moveis_decoracao,21,205,1,1764,69,54,12
prod_00000632,perfumaria,70,2604,5,2274,71,59,49
prod_00000633,papelaria,27,1362,5,470,54,57,49
prod_00000634,moveis_escritorio,50,2204,3,4626,27,16,53
prod_00000635,utilidades_domesticas,42,2721,3,2247,82,58,28
prod_00000636,moveis_escritorio,44,1276,1,290,56,40,54
prod_00000637,brinquedos,62,844,4,2304,81,7,57
prod_00000638,informatica_acessorios,37,721,3,938,72,19,23
prod_00000639,cama_mesa_banho,79,185,4,3648,57,13,24
prod_00000640,bebes,56,1838,2,1125,14,11,10
prod_00000641,fashion_bolsas_e_acessorios,75,2861,5,1215,55,24,32
prod_00000642,moveis_decoracao,42,2950,1,5748,72,6,20
prod_00000643,papelaria,59,285,5,7149,28,19,37
prod_00000644,cool_stuff,29,1188,4,1919,15,38,57
prod_00000645,moveis_decoracao,26,1297,1,4431,63,32,50
prod_00000646,cama_mesa_banho,29,871,3,742,70,42,36
prod_00000647,moveis_escritorio,42,210,5,1142,12,39,17
prod_00000648,pet_shop,53,443,1,1734,37,18,31
prod_00000649,cool_stuff,37,1933,1,704,79,37,41
prod_00000650,brinquedos,61,2480,4,81,26,14,27
prod_00000651,fashion_bolsas_e_acessorios,63,1886,2,2362,23,51,49
prod_00000652,brinquedos,60,2789,3,897,10,6,52
prod_00000653,construcao_ferramentas_construcao,46,1637,2,1217,60,14,23
prod_00000654,moveis_decoracao,61,2611,5,1894,81,54,35
prod_00000655,construcao_ferramentas_construcao,64,572,3,995,48,25,59
prod_00000656,papelaria,75,597,1,194,80,14,14
prod_00000657,cool_stuff,70,2204,2,12033,45,14,54
prod_00000658,informatica_acessorios,54,2648,3,249,84,49,23
prod_00000659,fashion_bolsas_e_acessorios,47,1481,5,1195,69,8,58
prod_00000660,beleza_saude,56,1928,5,1254,53,42,23
prod_00000661,moveis_decoracao,61,122,4,1683,13,45,22
prod_00000662,moveis_escritorio,68,2774,1,1116,85,29,39
prod_00000663,informatica_acessorios,20,232,1,3002,17,43,51
prod_00000664,brinquedos,62,949,3,1076,65,49,5
prod_00000665,cama_mesa_banho,22,2937,2,5669,34,52,56
prod_00000666,bebes,39,897,2,907,60,56,13
prod_00000667,agro_industria_e_comercio,73,1569,1,16826,18,13,41
prod_00000668,telefonia,43,2954,3,616,19,57,28
prod_00000669,papelaria,67,1075,3,694,68,35,15
prod_00000670,perfumaria,25,1449,5,2428,90,7,38
prod_00000671,esporte_lazer,31,2619,2,1486,20,52,31
prod_00000672,cool_stuff,67,2421,3,1372,30,55,38
prod_00000673,beleza_saude,75,1348,2,1858,57,58,22
prod_00000674,agro_industria_e_comercio,22,1787,1,3693,61,13,51
prod_00000675,relogios_presentes,40,2449,4,1697,97,12,56
prod_00000676,construcao_ferramentas_construcao,36,2181,4,6873,19,34,34
prod_00000677,pet_shop,70,508,1,832,72,47,45
prod_00000678,telefonia,26,183,1,1005,45,30,14
prod_00000679,automotivo,53,1434,3,1991,19,54,19
prod_00000680,relogios_presentes,56,1936,2,625,24,18,35
prod_00000681,cama_mesa_banho,48,2686,5,1094,18,24,39
prod_00000682,esporte_lazer,77,2738,1,6529,17,7,23
prod_00000683,moveis_escritorio,65,1740,3,1525,45,29,40
prod_00000684,papelaria,30,737,1,2826,57,24,26
prod_00000685,esporte_lazer,25,2033,3,302,21,50,9
prod_00000686,pet_shop,24,2787,4,1962,99,37,34
prod_00000687,bebes,43,1594,1,1594,12,40,52
prod_00000688,relogios_presentes,26,249,5,2427,19,11,29
prod_00000689,fashion_bolsas_e_acessorios,46,434,4,946,18,11,20
prod_00000690,cool_stuff,45,180,2,444,12,12,6
prod_00000691,agro_industria_e_comercio,50,2081,3,1489,58,41,24
prod_00000692,agro_industria_e_comercio,48,2804,2,1167,40,59,16
prod_00000693,pet_shop,31,1314,1,2797,31,31,28
prod_00000694,beleza_saude,31,1909,5,8318,58,37,26
prod_00000695,perfumaria,37,1177,1,3895,36,46,23
prod_00000696,bebes,67,2993,1,2462,63,27,9
prod_00000697,moveis_decoracao,63,519,4,2666,78,43,10
prod_00000698,eletronicos,64,1767,2,348,46,7,51
prod_00000699,perfumaria,50,318,1,1786,96,17,51
prod_00000700,bebes,46,790,4,1485,53,28,59
prod_00000701,perfumaria,60,2022,3,409,19,5,53
prod_00000702,cama_mesa_banho,79,2333,5,3013,40,8,38
prod_00000703,brinquedos,38,349,5,653,82,28,17
prod_00000704,perfumaria,63,1206,1,393,93,8,42
prod_00000705,perfumaria,63,360,2,3140,15,18,10
prod_00000706,brinquedos,33,1406,2,798,61,30,12
prod_00000707,papelaria,60,912,5,307,93,21,23
prod_00000708,moveis_escritorio,36,970,4,657,23,21,17
prod_00000709,esporte_lazer,48,581,3,665,72,50,37
prod_00000710,relogios_presentes,48,202,3,5844,14,57,28
prod_00000711,papelaria,53,981,4,1809,82,31,32
prod_00000712,eletronicos,61,893,2,765,67,36,33
prod_00000713,papelaria,68,2613,1,876,42,54,8
prod_00000714,brinquedos,74,2999,5,1438,37,7,10
prod_00000715,utilidades_domesticas,64,634,5,2138,74,10,28
prod_00000716,eletronicos,56,656,3,1170,72,33,41
prod_00000717,eletronicos,64,2755,1,405,19,39,59
prod_00000718,moveis_decoracao,44,318,5,1656,99,7,21
prod_00000719,construcao_ferramentas_construcao,28,1600,1,1432,91,45,57
prod_00000720,agro_industria_e_comercio,39,2588,1,5077,25,25,17
prod_00000721,esporte_lazer,54,665,2,4319,47,10,54
prod_00000722,moveis_decoracao,57,265,4,1417,42,32,7
prod_00000723,relogios_presentes,37,509,2,1449,77,54,32
prod_00000724,brinquedos,47,1596,2,1020,43,34,25
prod_00000725,fashion_bolsas_e_acessorios,63,456,4,9630,96,37,6
prod_00000726,pet_shop,46,851,3,2899,35,20,10
prod_00000727,cool_stuff,64,2682,2,415,46,12,10
prod_00000728,esporte_lazer,56,249,1,4265,58,53,17
prod_00000729,construcao_ferramentas_construcao,51,2745,5,2604,15,18,20
prod_00000730,bebes,22,1516,5,1949,51,46,36
prod_00000731,esporte_lazer,42,2662,1,2948,76,41,11
prod_00000732,cama_mesa_banho,22,1863,1,2294,40,57,6
prod_00000733,eletronicos,50,1938,3,10500,31,14,56
prod_00000734,automotivo,49,1860,3,626,70,58,50
prod_00000735,eletronicos,20,2044,5,361,90,18,49
prod_00000736,utilidades_domesticas,32,1634,2,934,65,10,29
prod_00000737,moveis_escritorio,22,2101,2,2521,47,47,7
prod_00000738,papelaria,67,1512,2,2733,97,40,32
prod_00000739,construcao_ferramentas_construcao,67,1428,2,1302,89,40,11
prod_00000740,moveis_decoracao,37,681,2,748,77,18,9
prod_00000741,relogios_presentes,44,970,3,1412,92,15,24
prod_00000742,utilidades_domesticas,74,1009,2,17874,10,44,5
prod_00000743,bebes,20,1080,5,2895,69,29,31
prod_00000744,brinquedos,29,1173,4,1162,81,46,30
prod_00000745,moveis_escritorio,61,1184,1,5667,66,6,39
prod_00000746,fashion_bolsas_e_acessorios,53,2345,4,1641,28,16,54
prod_00000747,beleza_saude,67,2917,3,1507,53,41,42
prod_00000748,brinquedos,44,974,5,1995,19,50,9
prod_00000749,construcao_ferramentas_construcao,52,2216,5,856,38,22,33
prod_00000750,brinquedos,25,259,4,3595,65,58,15
prod_00000751,fashion_bolsas_e_acessorios,45,2879,3,373,92,49,31
prod_00000752,moveis_escritorio,78,1697,4,20870,88,34,44
prod_00000753,papelaria,74,2132,1,3727,38,57,34
prod_00000754,telefonia,59,1489,2,451,45,52,40
prod_00000755,cama_mesa_banho,44,1056,4,1070,90,27,29
prod_00000756,cama_mesa_banho,67,1955,4,1536,72,8,44
prod_00000757,moveis_decoracao,39,332,1,2301,99,38,59
prod_00000758,automotivo,29,1558,1,1613,19,35,43
prod_00000759,brinquedos,29,1083,1,425,23,39,49
prod_00000760,fashion_bolsas_e_acessorios,53,2548,5,691,73,34,13
prod_00000761,informatica_acessorios,76,1411,3,1716,95,38,45
prod_00000762,brinquedos,37,758,2,2211,52,31,55
prod_00000763,eletronicos,24,1722,2,2746,65,29,50
prod_00000764,utilidades_domesticas,23,1266,2,5962,75,49,31
prod_00000765,fashion_bolsas_e_acessorios,73,413,2,1364,81,25,25
prod_00000766,telefonia,27,1252,2,2468,96,52,40
prod_00000767,cama_mesa_banho,79,2077,1,6198,82,16,26
prod_00000768,informatica_acessorios,70,791,2,317,82,56,41
prod_00000769,automotivo,72,1387,2,1213,56,45,46
prod_00000770,fashion_bolsas_e_acessorios,62,2272,1,3517,94,5,48
prod_00000771,esporte_lazer,30,1700,3,2424,84,11,6
prod_00000772,agro_industria_e_comercio,34,2475,4,1550,50,25,42
prod_00000773,perfumaria,27,2382,4,2486,83,27,8
prod_00000774,construcao_ferramentas_construcao,67,151,1,2616,79,53,21
prod_00000775,fashion_bolsas_e_acessorios,44,2147,5,2471,26,18,38
prod_00000776,construcao_ferramentas_construcao,45,1375,3,1293,80,8,53
prod_00000777,eletronicos,57,1994,4,2466,79,13,56
prod_00000778,automotivo,79,2145,2,4310,83,22,19
prod_00000779,fashion_bolsas_e_acessorios,76,608,1,2486,14,41,44
prod_00000780,informatica_acessorios,41,313,4,2367,54,32,26
prod_00000781,perfumaria,40,2868,5,1405,91,21,8
prod_00000782,pet_shop,73,2026,1,550,82,23,55
prod_00000783,construcao_ferramentas_construcao,28,2682,4,571,40,21,52
prod_00000784,cama_mesa_banho,58,2973,3,1990,46,30,10
prod_00000785,automotivo,53,411,1,3126,22,42,42
prod_00000786,utilidades_domesticas,21,2525,5,489,53,39,25
prod_00000787,construcao_ferramentas_construcao,74,1704,2,2057,49,41,58
prod_00000788,beleza_saude,68,1373,2,3485,79,38,51
prod_00000789,moveis_decoracao,56,1007,5,4601,41,21,8
prod_00000790,cool_stuff,61,2180,3,6346,60,34,54
prod_00000791,papelaria,39,266,1,5874,53,39,27
prod_00000792,moveis_decoracao,73,413,2,11066,37,23,53
prod_00000793,perfumaria,67,193,5,547,97,25,30
prod_00000794,utilidades_domesticas,70,2197,3,980,17,6,33
prod_00000795,beleza_saude,42,1961,3,745,30,26,13
prod_00000796,automotivo,53,798,1,3901,14,45,26
prod_00000797,perfumaria,23,2803,5,2007,95,47,5
prod_00000798,eletronicos,34,1955,4,9320,83,5,6
prod_00000799,perfumaria,68,889,5,1447,44,21,16
